id;first_name;last_name;dob;gender;bio;interests;location
1;Deborah;Kuvalis;2025-06-07;thoughtfully;jubilant soybean;punctually lack;supportive
2;Bennie;Stehr;2025-06-07;extent for wholly;naturally;culminate tremendously hm;provision incidentally
3;Norwood;Greenfelder;2025-06-06;slime;ick seriously;wildly afore;so
4;Zoila;Mitchell;2025-06-07;iridescence offset chunder;after;blah birth;scared kosher
5;Jay;Parisian;2025-06-07;angelic an;afore;phew;corporation
6;Kavon;D'Amore-Jacobi;2025-06-07;demob;woot;print but whereas;optimistically drag finally
7;Moshe;Kuhn;2025-06-06;quit;pointed biodegrade;save times;for
8;Keyshawn;Bailey;2025-06-06;whose;correctly calmly quizzically;owlishly;concerning bob disk
9;Cody;Schmeler;2025-06-07;impact far among;factorise lest;boohoo;brood
10;Mollie;Hoeger;2025-06-06;accidentally obediently sightseeing;and weighty;pfft what boohoo;sonar foodstuffs duh
